File Name,URL,Player Name,Make,Model,Copyright,Photographer,DateTimeOriginal,Date,TimeOfDay,NoOfFaces,Focus,Shot Type,event_type,mood,action,caption,apparel,brands_and_logos,sublocation,Location
Copy of JSB04779.jpg,https://drive.google.com/file/d/1WmvWUS9xD6VjvH8cnlw7bIwG53jtkTFv/view?usp=drivesdk,Lutho Sipamla,SONY,ILCE-7M4,CHENNAI SUPER KINGS,Siddharth K,2025:01:31 15:34:43,31-01-2025,Afternoon,28,group,wide shot,promotional event,celebratory,bowling,"Cricket mascot throws ball, kids watch, vibrant Jo'burg event.",Official Match Jersey,"{Adidas, Levi's, Betway, Dafabet, Mr D, Peach, FedEx}",Field,
Copy of JSB04779.jpg,https://drive.google.com/file/d/1WmvWUS9xD6VjvH8cnlw7bIwG53jtkTFv/view?usp=drivesdk,Sibonelo Makhanya,SONY,ILCE-7M4,CHENNAI SUPER KINGS,Siddharth K,2025:01:31 15:34:43,31-01-2025,Afternoon,28,group,wide shot,promotional event,celebratory,bowling,"Cricket mascot throws ball, kids watch, vibrant Jo'burg event.",Official Match Jersey,"{Adidas, Levi's, Betway, Dafabet, Mr D, Peach, FedEx}",Field,
Copy of JSB04779.jpg,https://drive.google.com/file/d/1WmvWUS9xD6VjvH8cnlw7bIwG53jtkTFv/view?usp=drivesdk,Matheesha Pathirana,SONY,ILCE-7M4,CHENNAI SUPER KINGS,Siddharth K,2025:01:31 15:34:43,31-01-2025,Afternoon,28,group,wide shot,promotional event,celebratory,bowling,"Cricket mascot throws ball, kids watch, vibrant Jo'burg event.",Official Match Jersey,"{Adidas, Levi's, Betway, Dafabet, Mr D, Peach, FedEx}",Field,
Copy of JSB04787.jpg,https://drive.google.com/file/d/1ALzVqDeZFw52EdC5NK78hHajBFq6hkhe/view?usp=drivesdk,Evan Jones,SONY,ILCE-7M4,CHENNAI SUPER KINGS,Siddharth K,2025:01:31 15:35:19,31-01-2025,Afternoon,10,group,wide shot,promotional event,celebratory,posing,Kids excitedly gather around a cheerful lion mascot at a cricket carnival.,Official Match Jersey,"{Mahindra, Dafabet, Levi's, Pepsi}",Practice Nets,
Copy of JSB04787.jpg,https://drive.google.com/file/d/1ALzVqDeZFw52EdC5NK78hHajBFq6hkhe/view?usp=drivesdk,Lutho Sipamla,SONY,ILCE-7M4,CHENNAI SUPER KINGS,Siddharth K,2025:01:31 15:35:19,31-01-2025,Afternoon,10,group,wide shot,promotional event,celebratory,posing,Kids excitedly gather around a cheerful lion mascot at a cricket carnival.,Official Match Jersey,"{Mahindra, Dafabet, Levi's, Pepsi}",Practice Nets,
Copy of JSB04799.jpg,https://drive.google.com/file/d/1KsqRyZxsoIUxhHodm8_2sS15kg79OeYa/view?usp=drivesdk,Lutho Sipamla,SONY,ILCE-7M4,CHENNAI SUPER KINGS,Siddharth K,2025:01:31 15:37:31,31-01-2025,Afternoon,22,group,wide shot,promotional event,celebratory,greeting,Giant stilt walker entertains children at a vibrant outdoor event.,Casual Attire,"{Marriott, Nike, FedEx, Pepsi, YFM,  Lacoste, Jordan}",Field,
Copy of JSB04799.jpg,https://drive.google.com/file/d/1KsqRyZxsoIUxhHodm8_2sS15kg79OeYa/view?usp=drivesdk,Gerald Coetzee,SONY,ILCE-7M4,CHENNAI SUPER KINGS,Siddharth K,2025:01:31 15:37:31,31-01-2025,Afternoon,22,group,wide shot,promotional event,celebratory,greeting,Giant stilt walker entertains children at a vibrant outdoor event.,Casual Attire,"{Marriott, Nike, FedEx, Pepsi, YFM,  Lacoste, Jordan}",Field,
Copy of JSB04803.jpg,https://drive.google.com/file/d/1tv6z8MD1IFYSXLMhGjhP9YsF7-nh7lSq/view?usp=drivesdk,Unknown,SONY,ILCE-7M4,CHENNAI SUPER KINGS,Siddharth K,2025:01:31 15:40:16,31-01-2025,Afternoon,20,group,wide shot,promotional event,celebratory,greeting,"A vibrant festival scene, stilt walkers, and a lion mascot entertain the crowd.",Casual Attire,"{FedEx, Telkom}",Field,
Copy of JSB04772.jpg,https://drive.google.com/file/d/1VsLVeGNTTFbKr0jbgmTwhPEQG704Ug55/view?usp=drivesdk,Unknown,SONY,ILCE-7M4,CHENNAI SUPER KINGS,Siddharth K,2025:01:31 15:33:53,31-01-2025,Afternoon,11,group,wide shot,promotional event,celebratory,greeting,A lion mascot joins kids in a lively cricket event.,Official Match Jersey,"{Mahindra, Dafabet, Betway, Blu Voucher}",Field,
Copy of JSB04790.jpg,https://drive.google.com/file/d/1w8yNL5TnFkxF51mMxzNVE9USvTGLG0_B/view?usp=drivesdk,Unknown,SONY,ILCE-7M4,CHENNAI SUPER KINGS,Siddharth K,2025:01:31 15:35:50,31-01-2025,Afternoon,10,group,wide shot,promotional event,celebratory,posing,A friendly lion mascot poses with cricket fans at a vibrant event.,Practice Jersey,"{Pepsi, Mahindra, Dafabet, United Colors of Benetton, Blu Voucher, YFM}",Practice Nets,
Copy of JSB04809.jpg,https://drive.google.com/file/d/13e6yYjxJaFTjJG7Ojt59csoUYAaLGSO_/view?usp=drivesdk,Unknown,SONY,ILCE-7M4,CHENNAI SUPER KINGS,Siddharth K,2025:01:31 15:43:04,31-01-2025,Afternoon,2,group,wide shot,promotional event,celebratory,catching,"Children play in a balloon-filled inflatable bubble, joyful chaos.",Casual Attire,{Super King},Field,
Copy of JSB04766.jpg,https://drive.google.com/file/d/1_r3Eywiy5Qo5Na2-jVEDN5Gkk2GqG8O3/view?usp=drivesdk,Sibonelo Makhanya,SONY,ILCE-7M4,CHENNAI SUPER KINGS,Siddharth K,2025:01:31 15:33:16,31-01-2025,Afternoon,25,group,wide shot,promotional event,celebratory,bowling,Cricket fun in the sun: kids and adults enjoy a lively game.,Official Match Jersey,"{FedEx, Mahindra, Levi's}",Field,
Copy of JSB04766.jpg,https://drive.google.com/file/d/1_r3Eywiy5Qo5Na2-jVEDN5Gkk2GqG8O3/view?usp=drivesdk,JP King,SONY,ILCE-7M4,CHENNAI SUPER KINGS,Siddharth K,2025:01:31 15:33:16,31-01-2025,Afternoon,25,group,wide shot,promotional event,celebratory,bowling,Cricket fun in the sun: kids and adults enjoy a lively game.,Official Match Jersey,"{FedEx, Mahindra, Levi's}",Field,
Copy of JSB04797.jpg,https://drive.google.com/file/d/18DUz1WhtKpB3JQd83nIPKHR4EnSzQpKd/view?usp=drivesdk,Unknown,SONY,ILCE-7M4,CHENNAI SUPER KINGS,Siddharth K,2025:01:31 15:36:24,31-01-2025,Afternoon,5,group,wide shot,promotional event,casual,posing,Cricket fans pose proudly with the Super Kings mascot.,Official Match Jersey,"{Pepsi, Mahindra, Dafabet, Super Kings, TVS,  Eurogrip, Adidas}",Practice Nets,
Copy of JSB04784.jpg,https://drive.google.com/file/d/1H5LpcxoBhc6POke3wRaqd2PHaXL7fgwr/view?usp=drivesdk,Unknown,SONY,ILCE-7M4,CHENNAI SUPER KINGS,Siddharth K,2025:01:31 15:34:44,31-01-2025,Afternoon,25,group,wide shot,promotional event,celebratory,greeting,A cheerful lion mascot waves at a vibrant cricket event.,Practice Jersey,"{dafabet, Mahindra}",Field,
Copy of JSB04760.jpg,https://drive.google.com/file/d/1pxstHOIqfObZWLOCJdabSqkWJ9CViyOb/view?usp=drivesdk,Sibonelo Makhanya,SONY,ILCE-7M4,CHENNAI SUPER KINGS,Siddharth K,2025:01:31 14:51:21,31-01-2025,Afternoon,18,group,wide shot,promotional event,celebratory,running,"Kids race across a field, vibrant energy amidst yellow tents.",Casual Attire,"{Nike, FedEx, Santa Cruz}",Field,
Copy of JSB04749.jpg,https://drive.google.com/file/d/1YgcFARnuJ-163cXCCzqNwqUPFy-BEeWd/view?usp=drivesdk,Unknown,SONY,ILCE-7M4,CHENNAI SUPER KINGS,Siddharth K,2025:01:31 14:48:05,31-01-2025,Afternoon,27,group,wide shot,promotional event,celebratory,sitting,Kids gather on a turf field near a giant inflatable ball.,Practice Jersey,"{Adidas, Mahindra, Hoka, Lottostar}",Field,
Copy of JSB04739.jpg,https://drive.google.com/file/d/1AUkMnkPG68xwQkyH1Ve8zkd4lrXN1JsZ/view?usp=drivesdk,Lutho Sipamla,SONY,ILCE-7M4,CHENNAI SUPER KINGS,Siddharth K,2025:01:31 14:42:40,31-01-2025,Afternoon,28,group,wide shot,promotional event,celebratory,bowling,Cricket fun in the city: kids and adults enjoy a casual game.,Casual Attire,"{FedEx, betway, SA20}",Field,
Copy of JSB04739.jpg,https://drive.google.com/file/d/1AUkMnkPG68xwQkyH1Ve8zkd4lrXN1JsZ/view?usp=drivesdk,Sibonelo Makhanya,SONY,ILCE-7M4,CHENNAI SUPER KINGS,Siddharth K,2025:01:31 14:42:40,31-01-2025,Afternoon,28,group,wide shot,promotional event,celebratory,bowling,Cricket fun in the city: kids and adults enjoy a casual game.,Casual Attire,"{FedEx, betway, SA20}",Field,
Copy of JSB04739.jpg,https://drive.google.com/file/d/1AUkMnkPG68xwQkyH1Ve8zkd4lrXN1JsZ/view?usp=drivesdk,Lutho Sipamla,SONY,ILCE-7M4,CHENNAI SUPER KINGS,Siddharth K,2025:01:31 14:42:40,31-01-2025,Afternoon,28,group,wide shot,promotional event,celebratory,bowling,Cricket fun in the city: kids and adults enjoy a casual game.,Casual Attire,"{FedEx, betway, SA20}",Field,
Copy of JSB04739.jpg,https://drive.google.com/file/d/1AUkMnkPG68xwQkyH1Ve8zkd4lrXN1JsZ/view?usp=drivesdk,Sibonelo Makhanya,SONY,ILCE-7M4,CHENNAI SUPER KINGS,Siddharth K,2025:01:31 14:42:40,31-01-2025,Afternoon,28,group,wide shot,promotional event,celebratory,bowling,Cricket fun in the city: kids and adults enjoy a casual game.,Casual Attire,"{FedEx, betway, SA20}",Field,
Copy of JSB04739.jpg,https://drive.google.com/file/d/1AUkMnkPG68xwQkyH1Ve8zkd4lrXN1JsZ/view?usp=drivesdk,Wihan Lubbe,SONY,ILCE-7M4,CHENNAI SUPER KINGS,Siddharth K,2025:01:31 14:42:40,31-01-2025,Afternoon,28,group,wide shot,promotional event,celebratory,bowling,Cricket fun in the city: kids and adults enjoy a casual game.,Casual Attire,"{FedEx, betway, SA20}",Field,
Copy of JSB04762.jpg,https://drive.google.com/file/d/1FQqmXhiTV1OrnwaTRImF4zCx-Q58_Jbm/view?usp=drivesdk,Unknown,SONY,ILCE-7M4,CHENNAI SUPER KINGS,Siddharth K,2025:01:31 14:51:23,31-01-2025,Afternoon,24,group,wide shot,promotional event,celebratory,running,"Kids play a spirited game on a vibrant green field, surrounded by lively event tents.",Practice Jersey,"{FedEx, MiHa, Whistle for Joburg, Super Kings, Carnival}",Field,
Copy of JSB04747.jpg,https://drive.google.com/file/d/1CNVvIqT8i6AB8xxDjR5ZnKJMZMcmDj2d/view?usp=drivesdk,David Wiese,SONY,ILCE-7M4,CHENNAI SUPER KINGS,Siddharth K,2025:01:31 14:43:32,31-01-2025,Afternoon,24,group,wide shot,promotional event,celebratory,bowling,"Young cricketer bowls, watched by excited kids and a commentator.",Practice Jersey,"{FedEx, Kappa, Adidas, Betway, SA20}",Practice Nets,
Copy of JSB04747.jpg,https://drive.google.com/file/d/1CNVvIqT8i6AB8xxDjR5ZnKJMZMcmDj2d/view?usp=drivesdk,Lutho Sipamla,SONY,ILCE-7M4,CHENNAI SUPER KINGS,Siddharth K,2025:01:31 14:43:32,31-01-2025,Afternoon,24,group,wide shot,promotional event,celebratory,bowling,"Young cricketer bowls, watched by excited kids and a commentator.",Practice Jersey,"{FedEx, Kappa, Adidas, Betway, SA20}",Practice Nets,
Copy of JSB04758.jpg,https://drive.google.com/file/d/1Inpyrk3FP8UxfcnQEubZf5I0XTxgemd3/view?usp=drivesdk,Sibonelo Makhanya,SONY,ILCE-7M4,CHENNAI SUPER KINGS,Siddharth K,2025:01:31 14:49:38,31-01-2025,Afternoon,19,group,wide shot,promotional event,casual,walking,Kids in cricket whites and jerseys enjoy a sunny day at a sporting event.,Official Match Jersey,"{OLA, Main Event Catering, Jo'burg Super Kings, FedEx, Mahindra}",Field,
Copy of JSB04759.jpg,https://drive.google.com/file/d/1EKOCS_eAZyssc2WA7pw6kBCWJszBTT58/view?usp=drivesdk,Lutho Sipamla,SONY,ILCE-7M4,CHENNAI SUPER KINGS,Siddharth K,2025:01:31 14:49:39,31-01-2025,Afternoon,27,group,wide shot,promotional event,celebratory,running,"Kids play a spirited game on a vibrant green field, surrounded by lively event tents.",Official Match Jersey,"{MiHa, FedEx, Super Kings}",Field,
Copy of JSB04733.jpg,https://drive.google.com/file/d/1OJNe08nUfPUw_BGRoDPZMt8seXzflpRj/view?usp=drivesdk,JP King,SONY,ILCE-7M4,CHENNAI SUPER KINGS,Siddharth K,2025:01:31 14:42:26,31-01-2025,Afternoon,23,group,wide shot,promotional event,celebratory,bowling,Kids watch intently as a woman bowls a cricket ball.,Casual Attire,"{FedEx, Adidas}",Field,
Copy of JSB04733.jpg,https://drive.google.com/file/d/1OJNe08nUfPUw_BGRoDPZMt8seXzflpRj/view?usp=drivesdk,Sibonelo Makhanya,SONY,ILCE-7M4,CHENNAI SUPER KINGS,Siddharth K,2025:01:31 14:42:26,31-01-2025,Afternoon,23,group,wide shot,promotional event,celebratory,bowling,Kids watch intently as a woman bowls a cricket ball.,Casual Attire,"{FedEx, Adidas}",Field,
Copy of JSB04733.jpg,https://drive.google.com/file/d/1OJNe08nUfPUw_BGRoDPZMt8seXzflpRj/view?usp=drivesdk,Sibonelo Makhanya,SONY,ILCE-7M4,CHENNAI SUPER KINGS,Siddharth K,2025:01:31 14:42:26,31-01-2025,Afternoon,23,group,wide shot,promotional event,celebratory,bowling,Kids watch intently as a woman bowls a cricket ball.,Casual Attire,"{FedEx, Adidas}",Field,
Copy of JSB04733.jpg,https://drive.google.com/file/d/1OJNe08nUfPUw_BGRoDPZMt8seXzflpRj/view?usp=drivesdk,Lutho Sipamla,SONY,ILCE-7M4,CHENNAI SUPER KINGS,Siddharth K,2025:01:31 14:42:26,31-01-2025,Afternoon,23,group,wide shot,promotional event,celebratory,bowling,Kids watch intently as a woman bowls a cricket ball.,Casual Attire,"{FedEx, Adidas}",Field,
Copy of JSB04761.jpg,https://drive.google.com/file/d/1W1LY5GUM-Obk8QKlGQLOQAGZvnSyVW92/view?usp=drivesdk,Unknown,SONY,ILCE-7M4,CHENNAI SUPER KINGS,Siddharth K,2025:01:31 14:51:22,31-01-2025,Afternoon,15,group,wide shot,promotional event,celebratory,running,Kids in white play a spirited game on a vibrant green field.,Casual Attire,"{MiHa, Joburg Superkings}",Field,
Copy of JSB04744.jpg,https://drive.google.com/file/d/1dBeI-bvKsK6Eh5hLQGZijQmBYKieBp6b/view?usp=drivesdk,Lutho Sipamla,SONY,ILCE-7M4,CHENNAI SUPER KINGS,Siddharth K,2025:01:31 14:43:32,31-01-2025,Afternoon,24,group,wide shot,promotional event,celebratory,bowling,"Young cricketers practice, watched by a commentator and cheering crowd.",Practice Jersey,"{FedEx, McDonald's, Kappa, Adidas, Mr D, Betway, SA20}",Practice Nets,
Copy of JSB04699.jpg,https://drive.google.com/file/d/1KfFX90jn32mFU_DRRYGJ7R0oluJyn4wM/view?usp=drivesdk,Unknown,SONY,ILCE-7M4,CHENNAI SUPER KINGS,Siddharth K,2025:01:31 14:27:22,31-01-2025,Afternoon,13,group,wide shot,promotional event,casual,tug-of-war,Tug-of-war fun under the shadow of a Marriott.,Official Match Jersey,"{Marriott, Moeti, Telkom, New Balance, Liverpool FC, Adidas, Pepsi, DP World}",Field,
Copy of JSB04681.jpg,https://drive.google.com/file/d/1fp1zuwgOdM0yoifgfLevTUMJ_zwySix8/view?usp=drivesdk,Unknown,SONY,ILCE-7M4,CHENNAI SUPER KINGS,Siddharth K,2025:01:31 14:24:43,31-01-2025,Afternoon,22,group,wide shot,promotional event,celebratory,running,"Children joyfully leap over a rope, a vibrant outdoor game.",Casual Attire,"{New Balance, MiHa, Joburg}",Field,
Copy of JSB04708.jpg,https://drive.google.com/file/d/1YfcmSMWkMU7Vk-f8JcSqedHddOn2QFzY/view?usp=drivesdk,Unknown,SONY,ILCE-7M4,CHENNAI SUPER KINGS,Siddharth K,2025:01:31 14:29:11,31-01-2025,Afternoon,9,group,wide shot,fan engagement,celebratory,posing,"Kids joyfully compete in a tug-of-war, cricket game backdrop.",Casual Attire,"{FedEx, LA Gear, McDonald's, Pepsi, Puma}",Stadium,
Copy of JSB04718.jpg,https://drive.google.com/file/d/1IBP7NwcHSl-0AHqSSdDgsAcKEmSL6URX/view?usp=drivesdk,Lutho Sipamla,SONY,ILCE-7M4,CHENNAI SUPER KINGS,Siddharth K,2025:01:31 14:39:52,31-01-2025,Afternoon,19,group,wide shot,promotional event,celebratory,batting,"Young cricketers gather, anticipation high, ready for the game.",Practice Jersey,"{FedEx, Mahindra, ellesse}",Practice Nets,
Copy of JSB04714.jpg,https://drive.google.com/file/d/1Td0Di1G7azy9tv4RbzgQLv-YUu07smav/view?usp=drivesdk,Wihan Lubbe,SONY,ILCE-7M4,CHENNAI SUPER KINGS,Siddharth K,2025:01:31 14:39:51,31-01-2025,Afternoon,16,group,wide shot,promotional event,celebratory,bowling,"Young cricketer bowls, watched by kids and coach at a vibrant outdoor event.",Practice Jersey,"{FedEx, Mahindra, New Balance}",Practice Nets,
Copy of JSB04723.jpg,https://drive.google.com/file/d/19u9Ydo81QckoOmW1kWqHJ6_87o-HBSak/view?usp=drivesdk,Lutho Sipamla,SONY,ILCE-7M4,CHENNAI SUPER KINGS,Siddharth K,2025:01:31 14:41:02,31-01-2025,Afternoon,22,group,wide shot,promotional event,casual,bowling,"Youth cricket practice unfolds under a FedEx tent, fun and games abound.",Casual Attire,"{FedEx, Adidas}",Field,
Copy of JSB04723.jpg,https://drive.google.com/file/d/19u9Ydo81QckoOmW1kWqHJ6_87o-HBSak/view?usp=drivesdk,Sibonelo Makhanya,SONY,ILCE-7M4,CHENNAI SUPER KINGS,Siddharth K,2025:01:31 14:41:02,31-01-2025,Afternoon,22,group,wide shot,promotional event,casual,bowling,"Youth cricket practice unfolds under a FedEx tent, fun and games abound.",Casual Attire,"{FedEx, Adidas}",Field,
Copy of JSB04722.jpg,https://drive.google.com/file/d/15aEd4vMVe0T2ZAkAYZdhsRsAwG8hAhYd/view?usp=drivesdk,Lutho Sipamla,SONY,ILCE-7M4,CHENNAI SUPER KINGS,Siddharth K,2025:01:31 14:41:02,31-01-2025,Afternoon,22,group,close shot,promotional event,celebratory,bowling,"Kids cricket fun: a joyful leap, a game in progress.",Casual Attire,"{FedEx, Kappa}",Practice Nets,
Copy of JSB04722.jpg,https://drive.google.com/file/d/15aEd4vMVe0T2ZAkAYZdhsRsAwG8hAhYd/view?usp=drivesdk,Lutho Sipamla,SONY,ILCE-7M4,CHENNAI SUPER KINGS,Siddharth K,2025:01:31 14:41:02,31-01-2025,Afternoon,22,group,close shot,promotional event,celebratory,bowling,"Kids cricket fun: a joyful leap, a game in progress.",Casual Attire,"{FedEx, Kappa}",Practice Nets,
Copy of JSB04722.jpg,https://drive.google.com/file/d/15aEd4vMVe0T2ZAkAYZdhsRsAwG8hAhYd/view?usp=drivesdk,Sibonelo Makhanya,SONY,ILCE-7M4,CHENNAI SUPER KINGS,Siddharth K,2025:01:31 14:41:02,31-01-2025,Afternoon,22,group,close shot,promotional event,celebratory,bowling,"Kids cricket fun: a joyful leap, a game in progress.",Casual Attire,"{FedEx, Kappa}",Practice Nets,
Copy of JSB04677.jpg,https://drive.google.com/file/d/1YuIqyNJ2QjS8MY31c0TukFWNFR4AF5LU/view?usp=drivesdk,Unknown,SONY,ILCE-7M4,CHENNAI SUPER KINGS,Siddharth K,2025:01:31 14:24:38,31-01-2025,Afternoon,24,group,wide shot,promotional event,casual,walking,"Children playfully compete in a tug-of-war, smiles and sunshine abound.",Casual Attire,"{Pepsi, Adidas, New Balance, MiHa, Joburg}",Field,
Copy of JSB04726.jpg,https://drive.google.com/file/d/1hD5lLjmbeb05OT1p48wmHcBBnTp_sU5Z/view?usp=drivesdk,Lutho Sipamla,SONY,ILCE-7M4,CHENNAI SUPER KINGS,Siddharth K,2025:01:31 14:41:03,31-01-2025,Afternoon,31,group,close shot,promotional event,celebratory,bowling,"Young cricketers bowl and bat, watched by a cheering crowd.",Casual Attire,"{FedEx, Mahindra, Adidas, Super Kings}",Field,
Copy of JSB04726.jpg,https://drive.google.com/file/d/1hD5lLjmbeb05OT1p48wmHcBBnTp_sU5Z/view?usp=drivesdk,Imran Tahir,SONY,ILCE-7M4,CHENNAI SUPER KINGS,Siddharth K,2025:01:31 14:41:03,31-01-2025,Afternoon,31,group,close shot,promotional event,celebratory,bowling,"Young cricketers bowl and bat, watched by a cheering crowd.",Casual Attire,"{FedEx, Mahindra, Adidas, Super Kings}",Field,
Copy of JSB04726.jpg,https://drive.google.com/file/d/1hD5lLjmbeb05OT1p48wmHcBBnTp_sU5Z/view?usp=drivesdk,Lutho Sipamla,SONY,ILCE-7M4,CHENNAI SUPER KINGS,Siddharth K,2025:01:31 14:41:03,31-01-2025,Afternoon,31,group,close shot,promotional event,celebratory,bowling,"Young cricketers bowl and bat, watched by a cheering crowd.",Casual Attire,"{FedEx, Mahindra, Adidas, Super Kings}",Field,
Copy of JSB04726.jpg,https://drive.google.com/file/d/1hD5lLjmbeb05OT1p48wmHcBBnTp_sU5Z/view?usp=drivesdk,Sibonelo Makhanya,SONY,ILCE-7M4,CHENNAI SUPER KINGS,Siddharth K,2025:01:31 14:41:03,31-01-2025,Afternoon,31,group,close shot,promotional event,celebratory,bowling,"Young cricketers bowl and bat, watched by a cheering crowd.",Casual Attire,"{FedEx, Mahindra, Adidas, Super Kings}",Field,
Copy of JSB04656.jpg,https://drive.google.com/file/d/1_e9BmhXw62KhUbV492ozD7QSJxlN2OnB/view?usp=drivesdk,Unknown,SONY,ILCE-7M4,CHENNAI SUPER KINGS,Siddharth K,2025:01:31 14:19:13,31-01-2025,Afternoon,3,group,close shot,fan engagement,celebratory,reacting,"A young fan enjoys a treat, sporting Super Kings face paint.",Casual Attire,"{Unilever, Super Kings}",Stadium,
Copy of JSB04671.jpg,https://drive.google.com/file/d/14RK17h0uCYB4MLasyc-qFkv9GYYu0WVZ/view?usp=drivesdk,Unknown,SONY,ILCE-7M4,CHENNAI SUPER KINGS,Siddharth K,2025:01:31 14:22:03,31-01-2025,Afternoon,8,group,wide shot,fan engagement,celebratory,signing,"Registration for a sporting event, vibrant yellow balloons in the background.",Casual Attire,"{betway, ashas}",Stadium,
Copy of JSB04644.jpg,https://drive.google.com/file/d/1PKNiy3RegmBAoVMEBAzOMPFHLa8xnOMj/view?usp=drivesdk,Unknown,SONY,ILCE-7M4,CHENNAI SUPER KINGS,Siddharth K,2025:01:31 14:14:45,31-01-2025,Afternoon,2,group,wide shot,promotional event,casual,posing,"A woman paints ""Super Kings"" on a boy's cheek.",Casual Attire,{Seacliff Santa Cruz},Stadium,
Copy of JSB04672.jpg,https://drive.google.com/file/d/194ejInYa9ZyHDVxpzsyh5LYdHl6nhvPT/view?usp=drivesdk,Unknown,SONY,ILCE-7M4,CHENNAI SUPER KINGS,Siddharth K,2025:01:31 14:22:22,31-01-2025,Afternoon,8,group,wide shot,promotional event,casual,receiving an award,Merchandise table bustling with activity at a vibrant outdoor event.,Practice Jersey,"{Pepsi, Drycell, Ola}",Stadium,
Copy of JSB04634.jpg,https://drive.google.com/file/d/1wB38Wjf3iMTWFPlwlrX8HJI3QGn89tAq/view?usp=drivesdk,Sibonelo Makhanya,SONY,ILCE-7M4,CHENNAI SUPER KINGS,Siddharth K,2025:01:31 14:11:58,31-01-2025,Afternoon,13,group,wide shot,promotional event,casual,reacting,Youthful energy thrives amidst vibrant event backdrop.,Casual Attire,"{Pepsi, YFM, Macrocomm}",Field,
Copy of JSB04634.jpg,https://drive.google.com/file/d/1wB38Wjf3iMTWFPlwlrX8HJI3QGn89tAq/view?usp=drivesdk,Lutho Sipamla,SONY,ILCE-7M4,CHENNAI SUPER KINGS,Siddharth K,2025:01:31 14:11:58,31-01-2025,Afternoon,13,group,wide shot,promotional event,casual,reacting,Youthful energy thrives amidst vibrant event backdrop.,Casual Attire,"{Pepsi, YFM, Macrocomm}",Field,
Copy of JSB04634.jpg,https://drive.google.com/file/d/1wB38Wjf3iMTWFPlwlrX8HJI3QGn89tAq/view?usp=drivesdk,Sibonelo Makhanya,SONY,ILCE-7M4,CHENNAI SUPER KINGS,Siddharth K,2025:01:31 14:11:58,31-01-2025,Afternoon,13,group,wide shot,promotional event,casual,reacting,Youthful energy thrives amidst vibrant event backdrop.,Casual Attire,"{Pepsi, YFM, Macrocomm}",Field,
Copy of JSB04646.jpg,https://drive.google.com/file/d/1hstVmQcWbZUQcL9TaSOLQXup8UaL-Q8l/view?usp=drivesdk,Unknown,SONY,ILCE-7M4,CHENNAI SUPER KINGS,Siddharth K,2025:01:31 14:15:23,31-01-2025,Afternoon,5,group,wide shot,promotional event,casual,posing,A young girl gets a vibrant face-painting stencil.,Casual Attire,,Field,
Copy of JSB04664.jpg,https://drive.google.com/file/d/1hRg-VpnnOu3juWcIR2MBvPsFelQbociC/view?usp=drivesdk,JP King,SONY,ILCE-7M4,CHENNAI SUPER KINGS,Siddharth K,2025:01:31 14:20:49,31-01-2025,Afternoon,5,group,close shot,promotional event,casual,catching,Woman playfully reaches for swinging targets at a summer event.,Official Match Jersey,"{Nike, Standard Chartered, Liverpool FC}",Field,
Copy of JSB04641.jpg,https://drive.google.com/file/d/1x21d3tpDyr5iwY4zp7Zdw2Zu3GxJDeEA/view?usp=drivesdk,Unknown,SONY,ILCE-7M4,CHENNAI SUPER KINGS,Siddharth K,2025:01:31 14:13:54,31-01-2025,Afternoon,2,group,wide shot,promotional event,casual,reacting,Focused siblings compete in a thrilling game of skill.,Casual Attire,"{Pepsi, MRD, Rock & Cricket}",Field,
Copy of JSB04637.jpg,https://drive.google.com/file/d/1lW8gOy9UWKbQPD5iulG3Ci44tKub2Bgu/view?usp=drivesdk,Sibonelo Makhanya,SONY,ILCE-7M4,CHENNAI SUPER KINGS,Siddharth K,2025:01:31 14:12:01,31-01-2025,Afternoon,16,group,wide shot,promotional event,celebratory,posing,Youthful energy bursts at a vibrant outdoor event.,Casual Attire,"{Pepsi, YFM, Telkom, Tazmia}",Field,
Copy of JSB04637.jpg,https://drive.google.com/file/d/1lW8gOy9UWKbQPD5iulG3Ci44tKub2Bgu/view?usp=drivesdk,Lutho Sipamla,SONY,ILCE-7M4,CHENNAI SUPER KINGS,Siddharth K,2025:01:31 14:12:01,31-01-2025,Afternoon,16,group,wide shot,promotional event,celebratory,posing,Youthful energy bursts at a vibrant outdoor event.,Casual Attire,"{Pepsi, YFM, Telkom, Tazmia}",Field,
Copy of JSB04659.jpg,https://drive.google.com/file/d/1Czfh0OZ-_QFAT0AEebOQ-B61RxgKeu0W/view?usp=drivesdk,Unknown,SONY,ILCE-7M4,CHENNAI SUPER KINGS,Siddharth K,2025:01:31 14:20:00,31-01-2025,Afternoon,2,group,close shot,promotional event,casual,reacting,Focused child skillfully navigates a wire maze game outdoors.,Casual Attire,{TO DO WE},Field,
Copy of JSB04624.jpg,https://drive.google.com/file/d/1BG8YF8E1KT8QRWFQZwSbAUQ0A9xhoSnP/view?usp=drivesdk,Unknown,SONY,ILCE-7M4,CHENNAI SUPER KINGS,Siddharth K,2025:01:31 14:10:05,31-01-2025,Afternoon,8,group,wide shot,promotional event,celebratory,shopping/browsing,Whistle for Burg merchandise stand bustling with fans and gear.,Official Match Jersey,"{Mahindra, FedEx}",Field,
Copy of JSB04622.jpg,https://drive.google.com/file/d/1y2WwI01HfnFRCK8tMVwRJd7Puhaukx-M/view?usp=drivesdk,Unknown,SONY,ILCE-7M4,CHENNAI SUPER KINGS,Siddharth K,2025:01:31 14:08:58,31-01-2025,Afternoon,7,group,wide shot,promotional event,celebratory,greeting,Joburg Super Kings rally: Youth engagement under a vibrant yellow tent.,Casual Attire,"{Super Kings, Nike, Puma}",Field,
Copy of JSB04614.jpg,https://drive.google.com/file/d/1yHB4mRCybq2o2TgggSvb7CVx7vwQpYx_/view?usp=drivesdk,Unknown,SONY,ILCE-7M4,CHENNAI SUPER KINGS,Siddharth K,2025:01:31 13:22:40,31-01-2025,Afternoon,13,group,wide shot,promotional event,celebratory,walking,Vibrant yellow merchandise tents pop against a modern city backdrop.,Casual Attire,"{Pret a Manger, Joburg Superkings}",Field,
Copy of JSB04616.jpg,https://drive.google.com/file/d/1iNaupXOaKPBiXE2S8iGPa3cG1wt_CsGI/view?usp=drivesdk,Unknown,SONY,ILCE-7M4,CHENNAI SUPER KINGS,Siddharth K,2025:01:31 13:23:57,31-01-2025,Afternoon,1,solo,unknown,promotional event,celebratory,none,Joburg Super Kings Carnival: a vibrant sign against a modern building.,"""Other""",{Joburg Super Kings},Stadium,
Copy of JSB04610.jpg,https://drive.google.com/file/d/1OEpIvBAXQLdUkOoFPMofKgG5Z--Dumx2/view?usp=drivesdk,Unknown,SONY,ILCE-7M4,CHENNAI SUPER KINGS,Siddharth K,2025:01:31 13:21:32,31-01-2025,Afternoon,12,group,wide shot,promotional event,casual,sitting,Blu Voucher promotional event with gaming and prizes.,Casual Attire,"{Blu Voucher, FedEx, Chennai Super Kings}",Field,
Copy of JSB04625.jpg,https://drive.google.com/file/d/1RoBDpwYZYEdoQk3iS99rvzIvHGIlDQxn/view?usp=drivesdk,JP King,SONY,ILCE-7M4,CHENNAI SUPER KINGS,Siddharth K,2025:01:31 14:10:19,31-01-2025,Afternoon,12,group,wide shot,promotional event,celebratory,receiving an award,Yellow merchandise flies off the shelves at a vibrant Durban Super Kings event.,Official Match Jersey,"{Joburg Super Kings, Vava}",Field,
Copy of JSB04615.jpg,https://drive.google.com/file/d/1iQC9SYm2C-_yRsA8IGil5nsfFtpdvenP/view?usp=drivesdk,Unknown,SONY,ILCE-7M4,CHENNAI SUPER KINGS,Siddharth K,2025:01:31 13:23:06,31-01-2025,Afternoon,8,group,unknown,promotional event,celebratory,batting,Carnival cricket nets: It's time to jol!,"""Other""","{Marriott, Joburg Super Kings, Carnival, Pepsi}",Practice Nets,
Copy of JSB04619.jpg,https://drive.google.com/file/d/1P_Esa20743PyrvlqkPDcA9WtKPyOobwi/view?usp=drivesdk,Sibonelo Makhanya,SONY,ILCE-7M4,CHENNAI SUPER KINGS,Siddharth K,2025:01:31 14:08:37,31-01-2025,Afternoon,8,group,wide shot,promotional event,celebratory,greeting,Joburg Carnival: A vibrant celebration of community and belonging.,Casual Attire,"{KFC, National Youth Service}",Field,
Copy of JSB04618.jpg,https://drive.google.com/file/d/1SwZMutCkbf4N2PnslkLDNXQYlkkHVtSC/view?usp=drivesdk,Unknown,SONY,ILCE-7M4,CHENNAI SUPER KINGS,Siddharth K,2025:01:31 14:08:24,31-01-2025,Afternoon,10,group,wide shot,promotional event,celebratory,signing,"Yellow-themed Joburg event registration, bustling with attendees.",Casual Attire,"{Nike, Kings}",Field,
Copy of JSB04617.jpg,https://drive.google.com/file/d/1cRTRUdsvdvPTI6NZ_Iisa7rmSnzbMALt/view?usp=drivesdk,Sibonelo Makhanya,SONY,ILCE-7M4,CHENNAI SUPER KINGS,Siddharth K,2025:01:31 14:08:07,31-01-2025,Afternoon,20,group,wide shot,promotional event,celebratory,greeting,"Joburg Carnival: vibrant celebration, balloons, and joyful faces.",Casual Attire,"{Puma, Super Kings}",Field,
Copy of Copy of JSA00636.jpg,https://drive.google.com/file/d/110ynSaxf2IDycK6v__uOjuajS4mHI4BA/view?usp=drivesdk,Leus Du Plooy,SONY,ILCE-7M4,CHENNAI SUPER KINGS,Siddharth K,2025:01:08 11:20:24,1/8/2025,Morning,1,solo,Wide Shot,Practice,Casual,Batting,"Cricket player in action, poised to strike, Betway XX backdrop.",Protective Gear,"{betway, TON, peachtree power}",Practice Nets,
Copy of Copy of JSA00638.jpg,https://drive.google.com/file/d/1K_3WKQMKTW9FVCEPlVe7poEizJElFjSN/view?usp=drivesdk,Unknown,SONY,ILCE-7M4,CHENNAI SUPER KINGS,Siddharth K,2025:01:08 11:20:24,1/8/2025,Morning,1,solo,Wide Shot,Practice,Casual,Batting,Cricket player practices his swing against a Betway backdrop.,Protective Gear,"{betway, TON, Super Kings}",Practice Nets,
Copy of Copy of JSA00641.jpg,https://drive.google.com/file/d/1p5kx6RyaD5XVszsK1hvQUabhS2Cb750A/view?usp=drivesdk,Unknown,SONY,ILCE-7M4,CHENNAI SUPER KINGS,Siddharth K,2025:01:08 11:20:30,1/8/2025,Morning,1,solo,Wide Shot,Practice,Casual,Batting,"Cricket batsman defends, ball near feet, Betway ad behind.",Protective Gear,"{betway, USA Cricket, MRF}",Practice Nets,
Copy of Copy of JSA00674.jpg,https://drive.google.com/file/d/1tEGLLyuYBDEmfhy4kMgfKRv9c9YrXz40/view?usp=drivesdk,Devon Conway,SONY,ILCE-7M4,CHENNAI SUPER KINGS,Siddharth K,2025:01:08 11:25:20,1/8/2025,Morning,1,solo,Close Shot,Practice,Casual,Training,"Cricket player in yellow helmet, green jersey, holds bat.",Practice Jersey,"{Joburg Super Kings, Masuri, SS, Mahindra}",Practice Nets,
Copy of Copy of JSA00659.jpg,https://drive.google.com/file/d/1j9sDAMXBU3DVoEH_7bDB2x8Ntj4x-FLt/view?usp=drivesdk,Devon Conway,SONY,ILCE-7M4,CHENNAI SUPER KINGS,Siddharth K,2025:01:08 11:22:52,1/8/2025,Morning,1,solo,Wide Shot,Practice,Casual,Batting,"Cricket batsman in action, yellow pads, green jersey, Betway backdrop.",Protective Gear,"{betway, Super Kings, TON}",Practice Nets,
Copy of Copy of JSA00661.jpg,https://drive.google.com/file/d/1fx6zSzFq0t19YDYYOYFgYX1fAjGxeP0t/view?usp=drivesdk,Unknown,SONY,ILCE-7M4,CHENNAI SUPER KINGS,Siddharth K,2025:01:08 11:23:17,1/8/2025,Morning,1,solo,Wide Shot,Practice,Casual,Training,"Young cricketer in full gear, poised for action on the green.",Protective Gear,"{Chennai Super Kings, SS}",Practice Nets,
Copy of Copy of JSA00651.jpg,https://drive.google.com/file/d/1DI5hn61rluMAyR7Gql1rrJqrECgp0d8t/view?usp=drivesdk,Devon Conway,SONY,ILCE-7M4,CHENNAI SUPER KINGS,Siddharth K,2025:01:08 11:21:37,1/8/2025,Morning,1,solo,Wide Shot,Practice,Casual,Batting,"Cricket player in action, poised at the crease, Betway banner behind.",Protective Gear,"{betway, MRF, NINGA}",Practice Nets,
Copy of Copy of JSA00656.jpg,https://drive.google.com/file/d/1iKqTFoF-msS2oQzfLZqsfWQQ8FjXwVya/view?usp=drivesdk,Leus Du Plooy,SONY,ILCE-7M4,CHENNAI SUPER KINGS,Siddharth K,2025:01:08 11:21:41,1/8/2025,Morning,1,solo,Close Shot,Practice,Casual,Resting,"Cricket player in McDonald's-sponsored helmet, pensive gaze.",Practice Jersey,"{McDonald's, Mahindra, Chepauk Super Kings, Each Payments}",Practice Nets,
Copy of Copy of JSA00666.jpg,https://drive.google.com/file/d/1G4iq9cpwpfBRu9kBfObblgv6E3-fqeCC/view?usp=drivesdk,Unknown,SONY,ILCE-7M4,CHENNAI SUPER KINGS,Siddharth K,2025:01:08 11:24:24,1/8/2025,Morning,1,solo,Wide Shot,Practice,Casual,Wicketkeeping,"Cricket player in stance, ball approaching, focused on the game.",Protective Gear,"{Betway, USA Cricket, SS}",Practice Nets,
Copy of Copy of JSA00542.jpg,https://drive.google.com/file/d/1l1iPq7BxKIygmCNoy_6jHjoMrYmGFCMm/view?usp=drivesdk,Beuran Hendricks,SONY,ILCE-7M4,CHENNAI SUPER KINGS,Siddharth K,2025:01:08 11:09:12,1/8/2025,Morning,1,solo,Wide Shot,Practice,Casual,Batting,"Cricket batsman prepares to strike, bowler blurred in foreground.",Protective Gear,"{betway, MRF, SG}",Practice Nets,
Copy of Copy of JSA00584.jpg,https://drive.google.com/file/d/1AFZRDGvthll7pQoE3AC6ew_0XC8lMWQq/view?usp=drivesdk,Leus Du Plooy,SONY,ILCE-7M4,CHENNAI SUPER KINGS,Siddharth K,2025:01:08 11:13:01,1/8/2025,Morning,1,solo,Wide Shot,Practice,Casual,Batting,"Cricket player practices, focused on the ball, Betway banner in background.",Protective Gear,"{betway, TON, MRF, minda}",Practice Nets,
Copy of Copy of JSA00575.jpg,https://drive.google.com/file/d/11LtAKMQPkh1mSRk96D9h4X_AibXZWW_u/view?usp=drivesdk,Wihan Lubbe,SONY,ILCE-7M4,CHENNAI SUPER KINGS,Siddharth K,2025:01:08 11:12:10,1/8/2025,Morning,0,unknown,Wide Shot,Practice,Casual,Batting,"Cricket player practices, bat held firm, focus intense.",Protective Gear,"{GM,  Super Kings,  New Balance,  Paytm,  PUMA}",Practice Nets,
Copy of Copy of JSA00543.jpg,https://drive.google.com/file/d/1M4tPXt9hydOzdsV-EUA8E2_ullbXo57z/view?usp=drivesdk,Unknown,SONY,ILCE-7M4,CHENNAI SUPER KINGS,Siddharth K,2025:01:08 11:09:12,1/8/2025,Morning,2,group,Wide Shot,Practice,Casual,Batting,Cricket batsman powerfully hits ball during practice session.,Protective Gear,"{betway, GM}",Practice Nets,
Copy of Copy of JSA00621.jpg,https://drive.google.com/file/d/1gfcfTW3_3TBPgm2y7nbMpTQqIgl-haDd/view?usp=drivesdk,Unknown,SONY,ILCE-7M4,CHENNAI SUPER KINGS,Siddharth K,2025:01:08 11:17:25,1/8/2025,Morning,1,solo,Wide Shot,Practice,Casual,Batting,"Young cricketer in action, focused on the ball,  betway SA20 branding visible.",Protective Gear,"{betway, SS, MRF, Super Kings}",Practice Nets,
Copy of Copy of JSA00612.jpg,https://drive.google.com/file/d/1S_ByvDc6cRJOQXWJU2H2HIhK9a_IACsQ/view?usp=drivesdk,Devon Conway,SONY,ILCE-7M4,CHENNAI SUPER KINGS,Siddharth K,2025:01:08 11:16:02,1/8/2025,Morning,1,solo,Wide Shot,Practice,Casual,Batting,"Cricket player powerfully swings bat, eyes focused on the ball.",Protective Gear,"{betway, SS TON, Reach Payments, Super Kings}",Practice Nets,
Copy of Copy of JSA00608.jpg,https://drive.google.com/file/d/10nfk1HDBRE-SgjC7GWACS14oHV1VWRAx/view?usp=drivesdk,Devon Conway,SONY,ILCE-7M4,CHENNAI SUPER KINGS,Siddharth K,2025:01:08 11:16:02,1/8/2025,Morning,1,solo,Wide Shot,Practice,Casual,Batting,Cricket player in yellow pads practices at the Betway SA20.,Protective Gear,"{betway, MRF, SA20, Super Kings, TON, Gunn & Moore}",Practice Nets,
Copy of Copy of JSA00565.jpg,https://drive.google.com/file/d/1y4hnVpyl379NjpgTcTcN3wU3U8RKaVH8/view?usp=drivesdk,Wihan Lubbe,SONY,ILCE-7M4,CHENNAI SUPER KINGS,Siddharth K,2025:01:08 11:11:47,1/8/2025,Morning,0,unknown,Wide Shot,Practice,Casual,Batting,Cricket player in green uniform stands ready at the crease.,Protective Gear,"{Betway, MRF, Adidas, Super Kings}",Practice Nets,
Copy of Copy of JSA00626.jpg,https://drive.google.com/file/d/1NQsMAY19_Xibt1TdGHYKi52ICj0ezWF8/view?usp=drivesdk,Devon Conway,SONY,ILCE-7M4,CHENNAI SUPER KINGS,Siddharth K,2025:01:08 11:19:07,1/8/2025,Morning,2,group,Wide Shot,Practice,Casual,Talking,"Cricket teammates confer during practice, vibrant green and yellow uniforms stand out.",Protective Gear,"{Betway, MR D, Super Kings, FedEx, TON, Moonwalker, Nitro}",Practice Nets,
Copy of Copy of JSA00536.jpg,https://drive.google.com/file/d/1sQHU2vWf0tegPaYReU_NrwQ-3eMtRDTu/view?usp=drivesdk,Leus Du Plooy,SONY,ILCE-7M4,CHENNAI SUPER KINGS,Siddharth K,2025:01:08 11:08:06,1/8/2025,Morning,1,solo,Wide Shot,Practice,Casual,Batting,"Cricket player in action, focused, powerful swing, Betway sponsorship.",Protective Gear,"{betway, TON}",Practice Nets,
Copy of Copy of JSA00338.jpg,https://drive.google.com/file/d/1yUWLbGtiOnWAoDrheePCbc7jrXTGT87I/view?usp=drivesdk,Tabraiz Shamsi,SONY,ILCE-7M4,CHENNAI SUPER KINGS,Siddharth K,2025:01:08 10:51:13,1/8/2025,Morning,2,group,Wide Shot,Practice,Casual,Bowling,"A cricketer in mid-delivery, focused on his target, amidst a lively stadium.",Practice Jersey,"{Betway, SA20}",Stadium,
Copy of Copy of JSA00342.jpg,https://drive.google.com/file/d/1q6zDGpRQMGca9SztCy79W4U2nQZphlAv/view?usp=drivesdk,Tabraiz Shamsi,SONY,ILCE-7M4,CHENNAI SUPER KINGS,Siddharth K,2025:01:08 10:51:14,1/8/2025,Morning,1,solo,Wide Shot,Practice,Casual,Bowling,"Green-clad bowler delivers a fierce, dynamic pitch on a rain-dampened field.",Practice Jersey,"{FedEx, Puma}",Stadium,
Copy of Copy of JSA00387.jpg,https://drive.google.com/file/d/1bIK24CFlsGJraP-q-j6tBPHo9sSLGi2p/view?usp=drivesdk,stephen fleming,SONY,ILCE-7M4,CHENNAI SUPER KINGS,Siddharth K,2025:01:08 10:52:13,1/8/2025,Morning,1,solo,Close Shot,Practice,Celebratory,Waving,"Coach waves, a green and yellow blur against the stadium.",Practice Jersey,"{MacDonald's, ErreÃÂÃÂÃÂÃÂÃÂÃÂÃÂÃÂÃÂÃÂÃÂÃÂÃÂÃÂÃÂÃÂÃÂÃÂÃÂÃÂÃÂÃÂÃÂÃÂÃÂÃÂÃÂÃÂÃÂÃÂÃÂÃÂÃÂÃÂÃÂÃÂÃÂÃÂÃÂÃÂÃÂÃÂÃÂÃÂÃÂÃÂÃÂÃÂÃÂÃÂÃÂÃÂÃÂÃÂÃÂÃÂÃÂÃÂÃÂÃÂÃÂÃÂÃÂÃÂÃÂÃÂÃÂÃÂÃÂÃÂÃÂÃÂÃÂÃÂÃÂÃÂÃÂÃÂÃÂÃÂÃÂÃÂÃÂÃÂÃÂÃÂÃÂÃÂÃÂÃÂÃÂÃÂÃÂÃÂÃÂÃÂÃÂÃÂÃÂÃÂÃÂÃÂÃÂÃÂÃÂÃÂÃÂÃÂÃÂÃÂÃÂÃÂÃÂÃÂÃÂÃÂÃÂÃÂÃÂÃÂÃÂÃÂÃÂÃÂÃÂÃÂÃÂÃÂÃÂÃÂÃÂÃÂÃÂÃÂÃÂÃÂÃÂÃÂÃÂÃÂÃÂÃÂÃÂÃÂÃÂÃÂÃÂÃÂÃÂÃÂÃÂÃÂÃÂÃÂÃÂÃÂÃÂÃÂÃÂÃÂÃÂÃÂÃÂÃÂÃÂÃÂÃÂÃÂÃÂÃÂÃÂÃÂÃÂÃÂÃÂÃÂÃÂÃÂÃÂÃÂÃÂÃÂÃÂÃÂÃÂÃÂÃÂÃÂÃÂÃÂÃÂÃÂÃÂÃÂÃÂÃÂÃÂÃÂÃÂÃÂÃÂÃÂÃÂÃÂÃÂÃÂÃÂÃÂÃÂÃÂÃÂÃÂÃÂÃÂÃÂÃÂÃÂÃÂÃÂÃÂÃÂÃÂÃÂÃÂÃÂÃÂÃÂÃÂÃÂÃÂÃÂÃÂÃÂÃÂÃÂÃÂÃÂÃÂÃÂÃÂÃÂÃÂÃÂÃÂÃÂÃÂÃÂÃÂÃÂÃÂÃÂÃÂÃÂÃÂÃÂÃÂ , Blu Voucher, Rawlings}",Stadium,
Copy of Copy of JSA00384.jpg,https://drive.google.com/file/d/1U5PiChP_DHzbxmbp4hsm0TXBn_uM715o/view?usp=drivesdk,stephen fleming,SONY,ILCE-7M4,CHENNAI SUPER KINGS,Siddharth K,2025:01:08 10:52:09,1/8/2025,Morning,1,solo,Close Shot,Practice,Casual,Walking,Smiling coach in vibrant green and yellow sports attire holds a baseball glove.,Practice Jersey,"{India, Chennai Super Kings, McDonald's, Rawlings}",Stadium,
Copy of Copy of JSA00383.jpg,https://drive.google.com/file/d/1dup7oBnlhAArhmqSYj-K2-l1NdKfZKs5/view?usp=drivesdk,stephen fleming,SONY,ILCE-7M4,CHENNAI SUPER KINGS,Siddharth K,2025:01:08 10:52:09,1/8/2025,Morning,1,solo,Wide Shot,Practice,Casual,Walking,Smiling coach in vibrant green and yellow sports gear holds a baseball glove.,Practice Jersey,"{Rawlings, nda, Super Kings}",Stadium,
Copy of Copy of JSA00369.jpg,https://drive.google.com/file/d/1wbCAISTfWKtTOYKvRPEcn3MD88R4ArZ-/view?usp=drivesdk,Gerald Coetzee,SONY,ILCE-7M4,CHENNAI SUPER KINGS,Siddharth K,2025:01:08 10:52:01,1/8/2025,Morning,1,solo,Wide Shot,Practice,Casual,Bowling,Leaping bowler delivers a fierce ball under a rainy sky.,Practice Jersey,"{Adidas, SA20}",Stadium,
Copy of Copy of JSA00389.jpg,https://drive.google.com/file/d/1NeBI4sYOjptfE_3PoE6CC2ZeGsI-kXo-/view?usp=drivesdk,stephen fleming,SONY,ILCE-7M4,CHENNAI SUPER KINGS,Siddharth K,2025:01:08 10:52:15,1/8/2025,Morning,2,group,Wide Shot,Practice,Casual,Posing,"Smiling coach holds glove, teammate blurs in background.",Practice Jersey,"{dra, McDonald's, Blu Voucher, Champion}",Stadium,
Copy of Copy of JSA00389.jpg,https://drive.google.com/file/d/1NeBI4sYOjptfE_3PoE6CC2ZeGsI-kXo-/view?usp=drivesdk,Tabraiz Shamsi,SONY,ILCE-7M4,CHENNAI SUPER KINGS,Siddharth K,2025:01:08 10:52:15,1/8/2025,Morning,2,group,Wide Shot,Practice,Casual,Posing,"Smiling coach holds glove, teammate blurs in background.",Practice Jersey,"{dra, McDonald's, Blu Voucher, Champion}",Stadium,
Copy of Copy of JSA00352.jpg,https://drive.google.com/file/d/1Y5BE6fbwRW68EhPsV3tsPHzUMrssL_7q/view?usp=drivesdk,Tabraiz Shamsi,SONY,ILCE-7M4,CHENNAI SUPER KINGS,Siddharth K,2025:01:08 10:51:41,1/8/2025,Morning,1,solo,Close Shot,Practice,Casual,Bowling,"Green-clad bowler delivers a fierce ball, aiming for the wickets.",Practice Jersey,"{Voucher, PUMA}",Practice Nets,
Copy of Copy of JSA00343.jpg,https://drive.google.com/file/d/1ko-9IBGHgu2MvW5ebeKCMrOUxJ1GitV5/view?usp=drivesdk,Tabraiz Shamsi,SONY,ILCE-7M4,CHENNAI SUPER KINGS,Siddharth K,2025:01:08 10:51:14,1/8/2025,Morning,1,solo,Close Shot,Practice,Casual,Bowling,"Green-clad bowler launches into a powerful delivery, stadium blurred in the background.",Practice Jersey,"{FedEx, Betway, Puma}",Stadium,
Copy of Copy of JSA00367.jpg,https://drive.google.com/file/d/1brqwKCEzGM5uCRFqlGGGRBFq1s3Ro5kd/view?usp=drivesdk,Gerald Coetzee,SONY,ILCE-7M4,CHENNAI SUPER KINGS,Siddharth K,2025:01:08 10:51:59,1/8/2025,Morning,3,group,Wide Shot,Practice,Casual,Jogging,"Cricket practice: young player sprints, coach observes, stadium backdrop.",Practice Jersey,"{Mahindra, Adidas, Nike, McDonald's}",Stadium,
Copy of Copy of JSA00367.jpg,https://drive.google.com/file/d/1brqwKCEzGM5uCRFqlGGGRBFq1s3Ro5kd/view?usp=drivesdk,stephen fleming,SONY,ILCE-7M4,CHENNAI SUPER KINGS,Siddharth K,2025:01:08 10:51:59,1/8/2025,Morning,3,group,Wide Shot,Practice,Casual,Jogging,"Cricket practice: young player sprints, coach observes, stadium backdrop.",Practice Jersey,"{Mahindra, Adidas, Nike, McDonald's}",Stadium,
Copy of Copy of JSA00251.jpg,https://drive.google.com/file/d/14if21bSS3CRrh8hWdRLnR4KcZsSEXWhA/view?usp=drivesdk,Jonny Bairstow,SONY,ILCE-7M4,CHENNAI SUPER KINGS,Siddharth K,2025:01:08 10:45:48,1/8/2025,Morning,0,unknown,Wide Shot,Practice,Casual,Batting,"Cricket practice: A batsman prepares to strike, focus on the ball.",Practice Jersey,"{Joburg Super Kings, Mahindra, MRD, Betway, SA20, Colossus, Moonwalk}",Practice Nets,
Copy of Copy of JSA00266.jpg,https://drive.google.com/file/d/164-Pq__3f6CZwxROsKXFUcEnWq5wZdXB/view?usp=drivesdk,Denovan Ferreira,SONY,ILCE-7M4,CHENNAI SUPER KINGS,Siddharth K,2025:01:08 10:47:22,1/8/2025,Morning,2,group,Close Shot,Practice,Casual,Training,"Wicketkeeper in vibrant green jersey, ready for action.",Practice Jersey,"{Mahindra, Jodhpur Super Kings, Moonwalk, SS}",Practice Nets,
Copy of Copy of JSA00331.jpg,https://drive.google.com/file/d/1NudGSRgKULNrQ-hcT3I03psRzGrQv_CH/view?usp=drivesdk,Tabraiz Shamsi,SONY,ILCE-7M4,CHENNAI SUPER KINGS,Siddharth K,2025:01:08 10:50:22,1/8/2025,Morning,1,solo,Close Shot,Practice,Casual,Bowling,"Green-clad bowler leaps, arm outstretched, poised for the perfect delivery.",Official Match Jersey,"{Puma, Betway}",Stadium,
Copy of Copy of JSA00264.jpg,https://drive.google.com/file/d/1LNoEWiR3VeXgNQkIMtTu_71nqmIpYCOd/view?usp=drivesdk,JP King,SONY,ILCE-7M4,CHENNAI SUPER KINGS,Siddharth K,2025:01:08 10:46:54,1/8/2025,Morning,1,solo,Close Shot,Practice,Casual,Training,Cricket coach expertly uses a ball-throwing device during practice.,Practice Jersey,"{Mahindra, Joburg Super Kings, MR D, betway, SA20}",Stadium,
Copy of Copy of JSA00261.jpg,https://drive.google.com/file/d/1lolkvxaOexK3oi3laurUmJ3RFyAqarNN/view?usp=drivesdk,Jonny Bairstow,SONY,ILCE-7M4,CHENNAI SUPER KINGS,Siddharth K,2025:01:08 10:46:41,1/8/2025,Morning,0,unknown,Close Shot,Practice,Casual,Training,"Cricket player in protective gear, bat at the ready.",Practice Jersey,"{Peach payments, Gray-Nicolls}",Practice Nets,
Copy of Copy of JSA00304.jpg,https://drive.google.com/file/d/1JoYEmu1hiww8u1MDqnJwTchl92f1dNJy/view?usp=drivesdk,Jonny Bairstow,SONY,ILCE-7M4,CHENNAI SUPER KINGS,Siddharth K,2025:01:08 10:49:46,1/8/2025,Morning,1,solo,Wide Shot,Practice,Casual,Greeting,"Cricket players in vibrant kits practice, camaraderie evident.",Protective Gear,"{SS, BEDGARS SPORT, SUPER KINGS, M, peach payme, Mahindra, betway, LENCOR, Enz, MAIANA, Tekom, K COLOSSUS, FOFJOZI, #THEPRIDE OF JOZI}",Practice Nets,
Copy of Copy of JSA00309.jpg,https://drive.google.com/file/d/1Rxp1PvV7orNZJ8GuRe_LLJoIA0LyxRDi/view?usp=drivesdk,Gerald Coetzee,SONY,ILCE-7M4,CHENNAI SUPER KINGS,Siddharth K,2025:01:08 10:49:51,1/8/2025,Morning,2,group,Wide Shot,Practice,Casual,Talking,Cricket players in green and yellow uniforms converse on the field.,Practice Jersey,"{Mahindra, Super Kings, McDonald's, Blu Voucher, Rawlings, Adidas}",Stadium,
Copy of Copy of JSA00309.jpg,https://drive.google.com/file/d/1Rxp1PvV7orNZJ8GuRe_LLJoIA0LyxRDi/view?usp=drivesdk,stephen fleming,SONY,ILCE-7M4,CHENNAI SUPER KINGS,Siddharth K,2025:01:08 10:49:51,1/8/2025,Morning,2,group,Wide Shot,Practice,Casual,Talking,Cricket players in green and yellow uniforms converse on the field.,Practice Jersey,"{Mahindra, Super Kings, McDonald's, Blu Voucher, Rawlings, Adidas}",Stadium,
Copy of Copy of JSA00312.jpg,https://drive.google.com/file/d/1Rqk59ITS9m1rIMgJEhEaDHxYSU1yt8tx/view?usp=drivesdk,Tabraiz Shamsi,SONY,ILCE-7M4,CHENNAI SUPER KINGS,Siddharth K,2025:01:08 10:49:57,1/8/2025,Morning,3,group,Wide Shot,Match,Casual,Bowling,"A cricketer leaps, ball in hand, aiming for the wickets.",Official Match Jersey,"{betway, SA20}",Stadium,
Copy of Copy of JSA00302.jpg,https://drive.google.com/file/d/18x0hYBIcospaoIbMAnDBan74ndqvsouv/view?usp=drivesdk,Tabraiz Shamsi,SONY,ILCE-7M4,CHENNAI SUPER KINGS,Siddharth K,2025:01:08 10:49:37,1/8/2025,Morning,1,solo,Wide Shot,Practice,Casual,Bowling,"Green-clad cricketer prepares to bowl, white ball in flight.",Official Match Jersey,"{Mahindra, Peach payments, Puma}",Stadium,
Copy of Copy of JSA00298.jpg,https://drive.google.com/file/d/1p7SPDd3ck2p9dB6zqtPewQVh0nqkkrMO/view?usp=drivesdk,Gerald Coetzee,SONY,ILCE-7M4,CHENNAI SUPER KINGS,Siddharth K,2025:01:08 10:49:18,1/8/2025,Morning,2,group,Wide Shot,Practice,Casual,Talking,"Coaches strategize on the lush green field, a cricket match in the making.",Practice Jersey,"{Mahindra, Nike, Super Kings}",Stadium,
Copy of Copy of JSA00298.jpg,https://drive.google.com/file/d/1p7SPDd3ck2p9dB6zqtPewQVh0nqkkrMO/view?usp=drivesdk,stephen fleming,SONY,ILCE-7M4,CHENNAI SUPER KINGS,Siddharth K,2025:01:08 10:49:18,1/8/2025,Morning,2,group,Wide Shot,Practice,Casual,Talking,"Coaches strategize on the lush green field, a cricket match in the making.",Practice Jersey,"{Mahindra, Nike, Super Kings}",Stadium,
Copy of Copy of JSA00234.jpg,https://drive.google.com/file/d/1Swbw-IjVvIs9gpbm09bWFJNWU_gqKWuW/view?usp=drivesdk,stephen fleming,SONY,ILCE-7M4,CHENNAI SUPER KINGS,Siddharth K,2025:01:08 10:45:22,1/8/2025,Morning,1,solo,Wide Shot,Practice,Casual,Walking,Cricket coach strolls across the rain-dampened pitch.,Practice Jersey,"{betway, SA20, Nike, McDonalds}",Stadium,
Copy of Copy of JSA00202.jpg,https://drive.google.com/file/d/1toTqE3OXfanJbioj_4ymr_iUAUpcpFfr/view?usp=drivesdk,Denovan Ferreira,SONY,ILCE-7M4,CHENNAI SUPER KINGS,Siddharth K,2025:01:08 10:43:13,1/8/2025,Morning,1,solo,Wide Shot,Practice,Casual,Batting,Cricket player in vibrant gear prepares for the ball.,Protective Gear,"{McDonald's, Super Kings, MRF, Moonwalker, SS}",Practice Nets,
Copy of Copy of JSA00249.jpg,https://drive.google.com/file/d/1_fDOBpXyjVXpTzguisVzQdVrlP3WRAx9/view?usp=drivesdk,Jonny Bairstow,SONY,ILCE-7M4,CHENNAI SUPER KINGS,Siddharth K,2025:01:08 10:45:48,1/8/2025,Morning,1,solo,Wide Shot,Practice,Casual,Batting,"Cricketer in vibrant green jersey practices, bat held high, focus intense.",Protective Gear,"{Colossus, Joburg Super Kings, Mahindra, MRD, Betway, SA20, Kippax, Moonwalk}",Practice Nets,
Copy of Copy of JSA00249.jpg,https://drive.google.com/file/d/1_fDOBpXyjVXpTzguisVzQdVrlP3WRAx9/view?usp=drivesdk,Doug Bracewell,SONY,ILCE-7M4,CHENNAI SUPER KINGS,Siddharth K,2025:01:08 10:45:48,1/8/2025,Morning,1,solo,Wide Shot,Practice,Casual,Batting,"Cricketer in vibrant green jersey practices, bat held high, focus intense.",Protective Gear,"{Colossus, Joburg Super Kings, Mahindra, MRD, Betway, SA20, Kippax, Moonwalk}",Practice Nets,
Copy of Copy of JSA00211.jpg,https://drive.google.com/file/d/16L2XjZDiTVXiOne1tDCxQvxCbeYJph37/view?usp=drivesdk,Jonny Bairstow,SONY,ILCE-7M4,CHENNAI SUPER KINGS,Siddharth K,2025:01:08 10:44:01,1/8/2025,Morning,1,solo,Wide Shot,Practice,Casual,Batting,"Cricket player practices, bat held high, focused on the game.",Protective Gear,"{MRF, betway, SS20}",Practice Nets,
Copy of Copy of JSA00191.jpg,https://drive.google.com/file/d/1VUMKmnQAEX2YdCPCwdxcoA6fg-dsdcr1/view?usp=drivesdk,Jonny Bairstow,SONY,ILCE-7M4,CHENNAI SUPER KINGS,Siddharth K,2025:01:08 10:42:20,1/8/2025,Morning,1,solo,Wide Shot,Practice,Casual,Training,"Cricket player in vibrant green jersey, poised with bat and pads.",Protective Gear,"{Mahindra, Chennai Super Kings, MRF, Nike, J.S}",Field,
Copy of Copy of JSA00243.jpg,https://drive.google.com/file/d/1wRqYEySfXmqgOX9KSXA-RtwQe9bZtTwn/view?usp=drivesdk,Gerald Coetzee,SONY,ILCE-7M4,CHENNAI SUPER KINGS,Siddharth K,2025:01:08 10:45:27,1/8/2025,Morning,1,solo,Wide Shot,Practice,Casual,Bowling,"Cricket bowler in mid-delivery, poised for the perfect throw.",Practice Jersey,{Adidas},Practice Nets,
Copy of Copy of JSA00216.jpg,https://drive.google.com/file/d/1attsxgNv7QMfOBhIATeqq65YQBPSu00p/view?usp=drivesdk,Jonny Bairstow,SONY,ILCE-7M4,CHENNAI SUPER KINGS,Siddharth K,2025:01:08 10:44:30,1/8/2025,Morning,1,solo,Wide Shot,Practice,Casual,Batting,"Cricket player in action, focused on the ball.",Protective Gear,"{McDonald's, Betway, MR D}",Practice Nets,
Copy of Copy of JSA00197.jpg,https://drive.google.com/file/d/1a0TjW1lesoEcRNMlgSZ1eV-tE6vRmF1n/view?usp=drivesdk,Denovan Ferreira,SONY,ILCE-7M4,CHENNAI SUPER KINGS,Siddharth K,2025:01:08 10:43:01,1/8/2025,Morning,1,solo,Wide Shot,Practice,Casual,Batting,"Cricket player practices his swing, a blur of green and motion.",Practice Jersey,"{SS, Betway, Super Kings, Moonwalk}",Practice Nets,
Copy of Copy of JSA00192.jpg,https://drive.google.com/file/d/1qdXNhKpcc51809W7VD_J7SeJYT8a7NeJ/view?usp=drivesdk,Denovan Ferreira,SONY,ILCE-7M4,CHENNAI SUPER KINGS,Siddharth K,2025:01:08 10:42:40,1/8/2025,Morning,1,solo,Wide Shot,Practice,Casual,Batting,Cricket player practices his swing in a net.,Protective Gear,"{SS, Betway, Moonwalker, Super Kings}",Practice Nets,
Copy of Copy of JSA00248.jpg,https://drive.google.com/file/d/1u9rHI4yTPggGCD7fUM-unJFTl1A_yV6B/view?usp=drivesdk,Gerald Coetzee,SONY,ILCE-7M4,CHENNAI SUPER KINGS,Siddharth K,2025:01:08 10:45:28,1/8/2025,Morning,1,solo,Wide Shot,Practice,Casual,Bowling,"Cricket bowler in action, rain-soaked pitch, focused intensity.",Practice Jersey,"{Betway, Adidas, Mahindra}",Stadium,
JSA07061.jpg,https://drive.google.com/file/d/1nOH5VtuLnP5c97Cm1q37WWxHTiMmRr-S/view?usp=drivesdk,Wihan Lubbe,SONY,ILCE-7M4,CHENNAI SUPER KINGS,Siddharth K,2025:01:17 18:36:34,17-01-2025,Evening,5,group,Wide Shot,Match,Casual,Travelling,"Team in yellow shirts boards a charter bus, bags in tow.",Casual Attire,"{Adidas, Nike}",Airport,
JSA07061.jpg,https://drive.google.com/file/d/1nOH5VtuLnP5c97Cm1q37WWxHTiMmRr-S/view?usp=drivesdk,Lutho Sipamla,SONY,ILCE-7M4,CHENNAI SUPER KINGS,Siddharth K,2025:01:17 18:36:34,17-01-2025,Evening,5,group,Wide Shot,Match,Casual,Travelling,"Team in yellow shirts boards a charter bus, bags in tow.",Casual Attire,"{Adidas, Nike}",Airport,
JSA07060.jpg,https://drive.google.com/file/d/1xMRFAgJ1jb5nGu312W7NBAldH34mFwc7/view?usp=drivesdk,Devon Conway,SONY,ILCE-7M4,CHENNAI SUPER KINGS,Siddharth K,2025:01:17 18:36:12,17-01-2025,Evening,8,group,Wide Shot,Others,Casual,Walking,Team in yellow polo shirts and backpacks stroll through airport.,Casual Attire,{Adidas},Airport,
JSA07060.jpg,https://drive.google.com/file/d/1xMRFAgJ1jb5nGu312W7NBAldH34mFwc7/view?usp=drivesdk,Wihan Lubbe,SONY,ILCE-7M4,CHENNAI SUPER KINGS,Siddharth K,2025:01:17 18:36:12,17-01-2025,Evening,8,group,Wide Shot,Others,Casual,Walking,Team in yellow polo shirts and backpacks stroll through airport.,Casual Attire,{Adidas},Airport,
JSA07060.jpg,https://drive.google.com/file/d/1xMRFAgJ1jb5nGu312W7NBAldH34mFwc7/view?usp=drivesdk,Lutho Sipamla,SONY,ILCE-7M4,CHENNAI SUPER KINGS,Siddharth K,2025:01:17 18:36:12,17-01-2025,Evening,8,group,Wide Shot,Others,Casual,Walking,Team in yellow polo shirts and backpacks stroll through airport.,Casual Attire,{Adidas},Airport,
JSA07059.jpg,https://drive.google.com/file/d/133oGPf-EYEo3unJYQE1VNjfvoevX-TyM/view?usp=drivesdk,JP King,SONY,ILCE-7M4,CHENNAI SUPER KINGS,Siddharth K,2025:01:17 18:35:17,17-01-2025,Evening,8,group,Wide Shot,Others,Casual,Walking,"Team South Africa departs, stylishly clad in yellow and green.",Official Match Jersey,"{Karabo, Sani Sixt, Nike}",Airport,
JSA07059.jpg,https://drive.google.com/file/d/133oGPf-EYEo3unJYQE1VNjfvoevX-TyM/view?usp=drivesdk,Sibonelo Makhanya,SONY,ILCE-7M4,CHENNAI SUPER KINGS,Siddharth K,2025:01:17 18:35:17,17-01-2025,Evening,8,group,Wide Shot,Others,Casual,Walking,"Team South Africa departs, stylishly clad in yellow and green.",Official Match Jersey,"{Karabo, Sani Sixt, Nike}",Airport,
JSA07059.jpg,https://drive.google.com/file/d/133oGPf-EYEo3unJYQE1VNjfvoevX-TyM/view?usp=drivesdk,Matheesha Pathirana,SONY,ILCE-7M4,CHENNAI SUPER KINGS,Siddharth K,2025:01:17 18:35:17,17-01-2025,Evening,8,group,Wide Shot,Others,Casual,Walking,"Team South Africa departs, stylishly clad in yellow and green.",Official Match Jersey,"{Karabo, Sani Sixt, Nike}",Airport,
JSA07059.jpg,https://drive.google.com/file/d/133oGPf-EYEo3unJYQE1VNjfvoevX-TyM/view?usp=drivesdk,Wihan Lubbe,SONY,ILCE-7M4,CHENNAI SUPER KINGS,Siddharth K,2025:01:17 18:35:17,17-01-2025,Evening,8,group,Wide Shot,Others,Casual,Walking,"Team South Africa departs, stylishly clad in yellow and green.",Official Match Jersey,"{Karabo, Sani Sixt, Nike}",Airport,
JSA07059.jpg,https://drive.google.com/file/d/133oGPf-EYEo3unJYQE1VNjfvoevX-TyM/view?usp=drivesdk,Lutho Sipamla,SONY,ILCE-7M4,CHENNAI SUPER KINGS,Siddharth K,2025:01:17 18:35:17,17-01-2025,Evening,8,group,Wide Shot,Others,Casual,Walking,"Team South Africa departs, stylishly clad in yellow and green.",Official Match Jersey,"{Karabo, Sani Sixt, Nike}",Airport,
JSA07059.jpg,https://drive.google.com/file/d/133oGPf-EYEo3unJYQE1VNjfvoevX-TyM/view?usp=drivesdk,Jonny Bairstow,SONY,ILCE-7M4,CHENNAI SUPER KINGS,Siddharth K,2025:01:17 18:35:17,17-01-2025,Evening,8,group,Wide Shot,Others,Casual,Walking,"Team South Africa departs, stylishly clad in yellow and green.",Official Match Jersey,"{Karabo, Sani Sixt, Nike}",Airport,
JSA07059.jpg,https://drive.google.com/file/d/133oGPf-EYEo3unJYQE1VNjfvoevX-TyM/view?usp=drivesdk,Devon Conway,SONY,ILCE-7M4,CHENNAI SUPER KINGS,Siddharth K,2025:01:17 18:35:17,17-01-2025,Evening,8,group,Wide Shot,Others,Casual,Walking,"Team South Africa departs, stylishly clad in yellow and green.",Official Match Jersey,"{Karabo, Sani Sixt, Nike}",Airport,
JSA07059.jpg,https://drive.google.com/file/d/133oGPf-EYEo3unJYQE1VNjfvoevX-TyM/view?usp=drivesdk,David Wiese,SONY,ILCE-7M4,CHENNAI SUPER KINGS,Siddharth K,2025:01:17 18:35:17,17-01-2025,Evening,8,group,Wide Shot,Others,Casual,Walking,"Team South Africa departs, stylishly clad in yellow and green.",Official Match Jersey,"{Karabo, Sani Sixt, Nike}",Airport,
JSA07056.jpg,https://drive.google.com/file/d/1rB0iDFq8Uwf5H6JIAGJlvIbh-gjJKdfd/view?usp=drivesdk,JP King,SONY,ILCE-7M4,CHENNAI SUPER KINGS,Siddharth K,2025:01:17 15:19:36,17-01-2025,Afternoon,1,solo,Close Shot,Others,Casual,Sitting,Man in yellow shirt gives thumbs up while waiting.,Casual Attire,{Adidas},Airport,
JSA07052.jpg,https://drive.google.com/file/d/1nmKrrZ2KcyhwW3LSoCsgohy5agfmzdYk/view?usp=drivesdk,Denovan Ferreira,SONY,ILCE-7M4,CHENNAI SUPER KINGS,Siddharth K,2025:01:17 15:19:23,17-01-2025,Afternoon,3,group,Wide Shot,Others,Casual,Sitting,"Couple smiles, luggage beside them, awaiting departure.",Casual Attire,"{BonAqua, DP}",Airport,
JSA07049.jpg,https://drive.google.com/file/d/1tnJDZRfKrZV_kcCTkAXB6F9SwyeU4b1N/view?usp=drivesdk,Denovan Ferreira,SONY,ILCE-7M4,CHENNAI SUPER KINGS,Siddharth K,2025:01:17 15:19:19,17-01-2025,Afternoon,2,group,Wide Shot,Others,Casual,Sitting,"Couple sits in airport, luggage beside them, ready for takeoff.",Casual Attire,"{Delsey, Bonaqua, DF}",Airport,
JSA07040.jpg,https://drive.google.com/file/d/1SA9YhlXpqP5NaVDb-SwFxsHrr9ROp7kj/view?usp=drivesdk,Matheesha Pathirana,SONY,ILCE-7M4,CHENNAI SUPER KINGS,Siddharth K,2025:01:17 14:49:30,17-01-2025,Afternoon,13,group,Wide Shot,Others,Casual,Travelling,"Cricket team arrives, luggage in tow, ready for the match.",Casual Attire,"{Nike, Marcopolo}",Airport,
JSA07040.jpg,https://drive.google.com/file/d/1SA9YhlXpqP5NaVDb-SwFxsHrr9ROp7kj/view?usp=drivesdk,Hardus Viljoen,SONY,ILCE-7M4,CHENNAI SUPER KINGS,Siddharth K,2025:01:17 14:49:30,17-01-2025,Afternoon,13,group,Wide Shot,Others,Casual,Travelling,"Cricket team arrives, luggage in tow, ready for the match.",Casual Attire,"{Nike, Marcopolo}",Airport,
JSA07040.jpg,https://drive.google.com/file/d/1SA9YhlXpqP5NaVDb-SwFxsHrr9ROp7kj/view?usp=drivesdk,Jonny Bairstow,SONY,ILCE-7M4,CHENNAI SUPER KINGS,Siddharth K,2025:01:17 14:49:30,17-01-2025,Afternoon,13,group,Wide Shot,Others,Casual,Travelling,"Cricket team arrives, luggage in tow, ready for the match.",Casual Attire,"{Nike, Marcopolo}",Airport,
JSA07040.jpg,https://drive.google.com/file/d/1SA9YhlXpqP5NaVDb-SwFxsHrr9ROp7kj/view?usp=drivesdk,Sibonelo Makhanya,SONY,ILCE-7M4,CHENNAI SUPER KINGS,Siddharth K,2025:01:17 14:49:30,17-01-2025,Afternoon,13,group,Wide Shot,Others,Casual,Travelling,"Cricket team arrives, luggage in tow, ready for the match.",Casual Attire,"{Nike, Marcopolo}",Airport,
JSA07040.jpg,https://drive.google.com/file/d/1SA9YhlXpqP5NaVDb-SwFxsHrr9ROp7kj/view?usp=drivesdk,Evan Jones,SONY,ILCE-7M4,CHENNAI SUPER KINGS,Siddharth K,2025:01:17 14:49:30,17-01-2025,Afternoon,13,group,Wide Shot,Others,Casual,Travelling,"Cricket team arrives, luggage in tow, ready for the match.",Casual Attire,"{Nike, Marcopolo}",Airport,
JSA07040.jpg,https://drive.google.com/file/d/1SA9YhlXpqP5NaVDb-SwFxsHrr9ROp7kj/view?usp=drivesdk,Doug Bracewell,SONY,ILCE-7M4,CHENNAI SUPER KINGS,Siddharth K,2025:01:17 14:49:30,17-01-2025,Afternoon,13,group,Wide Shot,Others,Casual,Travelling,"Cricket team arrives, luggage in tow, ready for the match.",Casual Attire,"{Nike, Marcopolo}",Airport,
JSA07040.jpg,https://drive.google.com/file/d/1SA9YhlXpqP5NaVDb-SwFxsHrr9ROp7kj/view?usp=drivesdk,stephen fleming,SONY,ILCE-7M4,CHENNAI SUPER KINGS,Siddharth K,2025:01:17 14:49:30,17-01-2025,Afternoon,13,group,Wide Shot,Others,Casual,Travelling,"Cricket team arrives, luggage in tow, ready for the match.",Casual Attire,"{Nike, Marcopolo}",Airport,
JSA07040.jpg,https://drive.google.com/file/d/1SA9YhlXpqP5NaVDb-SwFxsHrr9ROp7kj/view?usp=drivesdk,Lutho Sipamla,SONY,ILCE-7M4,CHENNAI SUPER KINGS,Siddharth K,2025:01:17 14:49:30,17-01-2025,Afternoon,13,group,Wide Shot,Others,Casual,Travelling,"Cricket team arrives, luggage in tow, ready for the match.",Casual Attire,"{Nike, Marcopolo}",Airport,
JSA07039.jpg,https://drive.google.com/file/d/1fzB9N3Fb1DMDjj9NmPHJtOxddjjNqLUE/view?usp=drivesdk,Jonny Bairstow,SONY,ILCE-7M4,CHENNAI SUPER KINGS,Siddharth K,2025:01:17 14:49:05,17-01-2025,Afternoon,12,group,Wide Shot,Promotional Event,Casual,Greeting,"Cricket team arrives, greeted by fans, luggage in tow.",Casual Attire,"{Vans, Adidas, Engen}",Airport,
JSA07039.jpg,https://drive.google.com/file/d/1fzB9N3Fb1DMDjj9NmPHJtOxddjjNqLUE/view?usp=drivesdk,Evan Jones,SONY,ILCE-7M4,CHENNAI SUPER KINGS,Siddharth K,2025:01:17 14:49:05,17-01-2025,Afternoon,12,group,Wide Shot,Promotional Event,Casual,Greeting,"Cricket team arrives, greeted by fans, luggage in tow.",Casual Attire,"{Vans, Adidas, Engen}",Airport,
JSA07032.jpg,https://drive.google.com/file/d/1dj-OIWXfhps0EVD7Ekkwsg_zDgK2OTZ6/view?usp=drivesdk,moeen ali,SONY,ILCE-7M4,CHENNAI SUPER KINGS,Siddharth K,2025:01:17 14:10:37,17-01-2025,Afternoon,3,group,Wide Shot,Fan Engagement,Casual,Walking,"Man in yellow walks past parked minivans, city backdrop.",Casual Attire,"{Toyota, Adidas, Essentials}",Hotel,
JSA07030.jpg,https://drive.google.com/file/d/1vtFVBuw_2p2UBIxbsB69wrb8V5Q683Hr/view?usp=drivesdk,Unknown,SONY,ILCE-7M4,CHENNAI SUPER KINGS,Siddharth K,2025:01:17 14:10:17,17-01-2025,Afternoon,2,group,Wide Shot,Promotional Event,Casual,Travelling,A yellow Wozaa Joburg tour bus idles in a city street.,Practice Jersey,"{Marcopolo, Super Kings, Mezcla}",Hotel,
JSA07026.jpg,https://drive.google.com/file/d/1HzG0Ew84ZYiLioetMjXvg755QQKhiHKR/view?usp=drivesdk,Unknown,SONY,ILCE-7M4,CHENNAI SUPER KINGS,Siddharth K,2025:01:17 14:09:25,17-01-2025,Afternoon,3,group,Wide Shot,Press Meet,Casual,Walking,"Man in green jacket strides confidently, a yellow line his path.",Casual Attire,{Super Kings},Hotel,
JSA07023.jpg,https://drive.google.com/file/d/1uEyImUgPOmE3EdYyvgMPc9n_wOVsShEJ/view?usp=drivesdk,Unknown,SONY,ILCE-7M4,CHENNAI SUPER KINGS,Siddharth K,2025:01:17 14:09:20,17-01-2025,Afternoon,4,group,Wide Shot,Others,Casual,Walking,"Stylish cricketer strolls, yellow shirt bright against urban backdrop.",Casual Attire,"{Betway, Super Kings, Nike}",Hotel,
JSA07016.jpg,https://drive.google.com/file/d/1-YihsA2rlpvzw07DMtFXUoUATaIiZ20X/view?usp=drivesdk,JP King,SONY,ILCE-7M4,CHENNAI SUPER KINGS,Siddharth K,2025:01:17 14:06:21,17-01-2025,Afternoon,4,group,Wide Shot,Promotional Event,Casual,Walking,"Two men in yellow shirts stroll, bags slung, smiles bright.",Casual Attire,{Samsonite},Hotel,
JSA07015.jpg,https://drive.google.com/file/d/1f5DM1vt8KgJMMRAk0kLHNtdgjYOchvUv/view?usp=drivesdk,Unknown,SONY,ILCE-7M4,CHENNAI SUPER KINGS,Siddharth K,2025:01:17 14:06:20,17-01-2025,Afternoon,3,group,Wide Shot,Others,Casual,Walking,"Two men in yellow shirts stroll, bags in tow, a journey's start.",Casual Attire,{Toyota},Hotel,
JSA07008.jpg,https://drive.google.com/file/d/1FLPTZpCrMyvBXxi78Vm3XDP80XwcTISC/view?usp=drivesdk,Unknown,SONY,ILCE-7M4,CHENNAI SUPER KINGS,Siddharth K,2025:01:17 14:04:41,17-01-2025,Afternoon,1,solo,Wide Shot,Others,Casual,Walking,"Stylish young man strolls, thumbs up, water bottle in hand.",Casual Attire,{Nike},Hotel,
JSA07006.jpg,https://drive.google.com/file/d/1UGBtGVymv-gA76gp35NtxX_RxGI3nexS/view?usp=drivesdk,Lutho Sipamla,SONY,ILCE-7M4,CHENNAI SUPER KINGS,Siddharth K,2025:01:17 14:04:40,17-01-2025,Afternoon,2,group,Wide Shot,Others,Casual,Walking,"Stylish young man strides confidently, water bottle in hand.",Casual Attire,"{Kavu, Aupre}",Hotel,
JSA07003.jpg,https://drive.google.com/file/d/1xtE8lgMzW88gl8Ksev-t119srjDsDZSQ/view?usp=drivesdk,Imran Tahir,SONY,ILCE-7M4,CHENNAI SUPER KINGS,Siddharth K,2025:01:17 14:04:21,17-01-2025,Afternoon,1,solo,Close Shot,Fan Engagement,Casual,Greeting,"Man in green tracksuit hails a cab, thumbs up.",Casual Attire,"{Puma, Toyota}",Hotel,
JSA07000.jpg,https://drive.google.com/file/d/1A_Xn1FFVcgJiLehsvr3U98To9fdtNcw_/view?usp=drivesdk,Imran Tahir,SONY,ILCE-7M4,CHENNAI SUPER KINGS,Siddharth K,2025:01:17 14:04:17,17-01-2025,Afternoon,3,group,Wide Shot,Others,Casual,Walking,"Man in vibrant green tracksuit strides confidently, bag slung across his shoulder.",Casual Attire,"{Puma, Super Kings}",Hotel,
JSA06995.jpg,https://drive.google.com/file/d/1XiRvpv3HrYIt0OegsHpE2fNxVwQYEeIb/view?usp=drivesdk,Unknown,SONY,ILCE-7M4,CHENNAI SUPER KINGS,Siddharth K,2025:01:17 14:03:00,17-01-2025,Afternoon,2,group,Wide Shot,Others,Casual,Walking,"Stylish athlete strides confidently, carrying laundry, a post-game routine.",Casual Attire,{Nike},Hotel,
JSA06992.jpg,https://drive.google.com/file/d/1FQJj-ZQr1AonUP89LentxJ8PKQN_qT2Z/view?usp=drivesdk,Unknown,SONY,ILCE-7M4,CHENNAI SUPER KINGS,Siddharth K,2025:01:17 14:02:29,17-01-2025,Afternoon,5,group,Close Shot,Others,Casual,Walking,"Man in yellow shirt pulls luggage, masked, stylishly casual.",Casual Attire,{Nike},Hotel,
JSA06984.jpg,https://drive.google.com/file/d/1GvkJYdE1oiv2_MFmGnGEbXmPk95dHHqB/view?usp=drivesdk,Unknown,SONY,ILCE-7M4,CHENNAI SUPER KINGS,Siddharth K,2025:01:17 14:01:40,17-01-2025,Afternoon,3,group,Close Shot,Others,Casual,Walking,"Man in yellow shirt and cap strolls, phone in hand, green jacket slung over shoulder.",Casual Attire,"{JOBURG, adidas}",Hotel,
JSA06981.jpg,https://drive.google.com/file/d/1zV1OS6zVoO36nVTNAenuNkEF9r1jHmJF/view?usp=drivesdk,Unknown,SONY,ILCE-7M4,CHENNAI SUPER KINGS,Siddharth K,2025:01:17 14:00:32,17-01-2025,Afternoon,1,solo,Wide Shot,Promotional Event,Celebratory,Walking,"Cricket player's bus, a man boards, vibrant graphics adorn the side.",Casual Attire,"{Chennai Super Kings, Paytm}",Stadium,
JSA06978.jpg,https://drive.google.com/file/d/1byjzq5kt5Ml4oEjbKRk7XMgw8E6CnRNr/view?usp=drivesdk,Faf du Plessis,SONY,ILCE-7M4,CHENNAI SUPER KINGS,Siddharth K,2025:01:17 14:00:31,17-01-2025,Afternoon,3,group,Wide Shot,Promotional Event,Celebratory,Walking,"Cricket stars adorn a team bus, a fan walks by.",Casual Attire,"{Chennai Super Kings, MRF, Paytm, Reach Payments}",Stadium,
JSA06976.jpg,https://drive.google.com/file/d/1GLnyvTMw2f3QFG3dIu2UTF5cGd8DQ4cm/view?usp=drivesdk,Unknown,SONY,ILCE-7M4,CHENNAI SUPER KINGS,Siddharth K,2025:01:17 14:00:22,17-01-2025,Afternoon,5,group,Wide Shot,Others,Casual,Walking,"Man in yellow shirt walks past parked car, phone in hand.",Casual Attire,{Apple},Hotel,
JSA06974.jpg,https://drive.google.com/file/d/1AxUk-hS1QZil4xzpLZeXiQ8cMfhQkNpM/view?usp=drivesdk,Matheesha Pathirana,SONY,ILCE-7M4,CHENNAI SUPER KINGS,Siddharth K,2025:01:17 14:00:21,17-01-2025,Afternoon,1,solo,Close Shot,Press Meet,Casual,Walking,"Young man in yellow shirt checks phone, backpack slung over shoulder.",Casual Attire,{Apple},Hotel,
JSA06970.jpg,https://drive.google.com/file/d/1CXkhjdSxhiF4BW7yd5K8x5Q04pGivDtX/view?usp=drivesdk,Matheesha Pathirana,SONY,ILCE-7M4,CHENNAI SUPER KINGS,Siddharth K,2025:01:17 14:00:20,17-01-2025,Afternoon,3,group,Wide Shot,Others,Casual,Walking,"Young man in yellow shirt checks phone, stylish cargo pants.",Casual Attire,{Vans},Hotel,
JSA06964.jpg,https://drive.google.com/file/d/1jEk3MH1_EqfNJvm1vc18aiV3_ftngSls/view?usp=drivesdk,Unknown,SONY,ILCE-7M4,CHENNAI SUPER KINGS,Siddharth K,2025:01:17 13:59:59,17-01-2025,Afternoon,7,group,Wide Shot,Others,Casual,Travelling,"A group of travelers with luggage, ready for their journey.",Casual Attire,{American Tourister},Hotel,
JSA06963.jpg,https://drive.google.com/file/d/1WcLSW70NZlf--t4KIqGcJ71QXJjHe6Hk/view?usp=drivesdk,Unknown,SONY,ILCE-7M4,CHENNAI SUPER KINGS,Siddharth K,2025:01:17 13:59:59,17-01-2025,Afternoon,10,group,Wide Shot,Others,Casual,Travelling,"A group of travelers with luggage, ready for their journey.",Casual Attire,{American Tourister},Hotel,
JSA06953.jpg,https://drive.google.com/file/d/1IJ6iBkfD8F6yfaOyt59F7Th25Uf-b9r-/view?usp=drivesdk,Sibonelo Makhanya,SONY,ILCE-7M4,CHENNAI SUPER KINGS,Siddharth K,2025:01:17 13:59:19,17-01-2025,Afternoon,5,group,Close Shot,Others,Casual,Walking,"Stylish traveler strides confidently, vibrant yellow shirt catching the eye.",Casual Attire,"{JOBURG, Nike}",Hotel,
JSA06948.jpg,https://drive.google.com/file/d/1S74qoNx11v1uP0fe-8ZrpJvRFtwkPRhT/view?usp=drivesdk,Unknown,SONY,ILCE-7M4,CHENNAI SUPER KINGS,Siddharth K,2025:01:17 13:58:58,17-01-2025,Afternoon,38,group,Close Shot,Others,Casual,Walking,"Couple strolls, stylishly carrying luggage and shopping bags.",Casual Attire,"{Nike, Energ?",Hotel,
JSA06946.jpg,https://drive.google.com/file/d/1-mAFSVKVK1oKeZAwS_5hxGNuRm-wnPgU/view?usp=drivesdk,Unknown,SONY,ILCE-7M4,CHENNAI SUPER KINGS,Siddharth K,2025:01:17 13:58:52,17-01-2025,Afternoon,17,group,Wide Shot,Others,Casual,Walking,"Stylish travelers stroll, luggage in tow, after a luxurious stay.",Casual Attire,{Super Kings},Hotel,
